Messi,30,Barca
Ronaldo,32,Juventus
Messi,30,Barca
Ronaldo,32,Juventus
Messi,30,Barca
Ronaldo,32,Juventus
Messi,30,Barca
Ronaldo,32,Juventus
Messi,30,Barca
Ronaldo,32,Juventus
Messi,30,Barca
Ronaldo,32,Juventus
Messi,30,Barca
Ronaldo,32,Juventus
Messi,30,Barca
Ronaldo,32,Juventus
Messi,30,Barca
Ronaldo,32,Juventus
Messi,30,Barca
Ronaldo,32,Juventus
Messi,30,Barca
Ronaldo,32,Juventus
Messi,30,Barca
Ronaldo,32,Juventus
Messi,30,Barca
Ronaldo,32,Juventus
Messi,30,Barca
Ronaldo,32,Juventus
Messi,30,Barca
Ronaldo,32,Juventus
Messi,30,Barca
Ronaldo,32,Juventus
Messi,30,Barca
Ronaldo,32,Juventus
Messi,30,Barca
Ronaldo,32,Juventus
Messi,30,Barca
Ronaldo,32,Juventus
Messi,30,Barca
Ronaldo,32,Juventus
Messi,30,Barca
Ronaldo,32,Juventus
Messi,30,Barca
Ronaldo,32,Juventus
Messi,30,Barca
Ronaldo,32,Juventus
Messi,30,Barca
Ronaldo,32,Juventus
Messi,30,Barca
Ronaldo,32,Juventus
Messi,30,Barca
Ronaldo,32,Juventus
Messi,30,Barca
Ronaldo,32,Juventus
Messi,30,Barca
Ronaldo,32,Juventus
Messi,30,Barca
Ronaldo,32,Juventus
Messi,30,Barca
Ronaldo,32,Juventus
Messi,30,Barca
Ronaldo,32,Juventus
Messi,30,Barca
Ronaldo,32,Juventus
Messi,30,Barca
Ronaldo,32,Juventus
Messi,30,Barca
Ronaldo,32,Juventus
Messi,30,Barca
Ronaldo,32,Juventus
Messi,30,Barca
Ronaldo,32,Juventus
Messi,30,Barca
Ronaldo,32,Juventus
Messi,30,Barca
Ronaldo,32,Juventus
Messi,30,Barca
Ronaldo,32,Juventus
Messi,30,Barca
Ronaldo,32,Juventus
Messi,30,Barca
Ronaldo,32,Juventus
Messi,30,Barca
Ronaldo,32,Juventus
Messi,30,Barca
Ronaldo,32,Juventus
Messi,30,Barca
Ronaldo,32,Juventus
Messi,30,Barca
Ronaldo,32,Juventus
Messi,30,Barca
Ronaldo,32,Juventus
Messi,30,Barca
Ronaldo,32,Juventus
Messi,30,Barca
Ronaldo,32,Juventus
Messi,30,Barca
Ronaldo,32,Juventus
Messi,30,Barca
Ronaldo,32,Juventus
Messi,30,Barca
Ronaldo,32,Juventus
Messi,30,Barca
Ronaldo,32,Juventus
Messi,30,Barca
Ronaldo,32,Juventus
Messi,30,Barca
Ronaldo,32,Juventus
Messi,30,Barca
Ronaldo,32,Juventus
Messi,30,Barca
Ronaldo,32,Juventus
Messi,30,Barca
Ronaldo,32,Juventus
Messi,30,Barca
Ronaldo,32,Juventus
Messi,30,Barca
Ronaldo,32,Juventus
Messi,30,Barca
Ronaldo,32,Juventus
