Suarez,30,Barca
MBappé,32,PSG
Suarez,30,Barca
MBappé,32,PSG
Suarez,30,Barca
MBappé,32,PSG
Suarez,30,Barca
MBappé,32,PSG
Suarez,30,Barca
MBappé,32,PSG
Suarez,30,Barca
MBappé,32,PSG
Suarez,30,Barca
MBappé,32,PSG
Suarez,30,Barca
MBappé,32,PSG
Suarez,30,Barca
MBappé,32,PSG
Suarez,30,Barca
MBappé,32,PSG
Suarez,30,Barca
MBappé,32,PSG
Suarez,30,Barca
MBappé,32,PSG
Suarez,30,Barca
MBappé,32,PSG
Suarez,30,Barca
MBappé,32,PSG
Suarez,30,Barca
MBappé,32,PSG
Suarez,30,Barca
MBappé,32,PSG
Suarez,30,Barca
MBappé,32,PSG
Suarez,30,Barca
MBappé,32,PSG
Suarez,30,Barca
MBappé,32,PSG
Suarez,30,Barca
MBappé,32,PSG
Suarez,30,Barca
MBappé,32,PSG
Suarez,30,Barca
MBappé,32,PSG
Suarez,30,Barca
MBappé,32,PSG
Suarez,30,Barca
MBappé,32,PSG
Suarez,30,Barca
MBappé,32,PSG
Suarez,30,Barca
MBappé,32,PSG
Suarez,30,Barca
MBappé,32,PSG
Suarez,30,Barca
MBappé,32,PSG
Suarez,30,Barca
MBappé,32,PSG
Suarez,30,Barca
MBappé,32,PSG
Suarez,30,Barca
MBappé,32,PSG
Suarez,30,Barca
MBappé,32,PSG
Suarez,30,Barca
MBappé,32,PSG
Suarez,30,Barca
MBappé,32,PSG
Suarez,30,Barca
MBappé,32,PSG
Suarez,30,Barca
MBappé,32,PSG
Suarez,30,Barca
MBappé,32,PSG
Suarez,30,Barca
MBappé,32,PSG
Suarez,30,Barca
MBappé,32,PSG
Suarez,30,Barca
MBappé,32,PSG
Suarez,30,Barca
MBappé,32,PSG
Suarez,30,Barca
MBappé,32,PSG
Suarez,30,Barca
MBappé,32,PSG
Suarez,30,Barca
MBappé,32,PSG
Suarez,30,Barca
MBappé,32,PSG
Suarez,30,Barca
MBappé,32,PSG
Suarez,30,Barca
MBappé,32,PSG
Suarez,30,Barca
MBappé,32,PSG
Suarez,30,Barca
MBappé,32,PSG
Suarez,30,Barca
MBappé,32,PSG
Suarez,30,Barca
MBappé,32,PSG
Suarez,30,Barca
MBappé,32,PSG
Suarez,30,Barca
MBappé,32,PSG
Suarez,30,Barca
MBappé,32,PSG
Suarez,30,Barca
MBappé,32,PSG
Suarez,30,Barca
MBappé,32,PSG
Suarez,30,Barca
MBappé,32,PSG
Suarez,30,Barca
MBappé,32,PSG
Suarez,30,Barca
MBappé,32,PSG
Suarez,30,Barca
MBappé,32,PSG
Suarez,30,Barca
MBappé,32,PSG
Suarez,30,Barca
MBappé,32,PSG
Suarez,30,Barca
MBappé,32,PSG
Suarez,30,Barca
MBappé,32,PSG
Suarez,30,Barca
MBappé,32,PSG
Suarez,30,Barca
MBappé,32,PSG
Suarez,30,Barca
MBappé,32,PSG
Suarez,30,Barca
MBappé,32,PSG
Suarez,30,Barca
MBappé,32,PSG
Suarez,30,Barca
MBappé,32,PSG
Suarez,30,Barca
MBappé,32,PSG
Suarez,30,Barca
MBappé,32,PSG
Suarez,30,Barca
MBappé,32,PSG
Suarez,30,Barca
MBappé,32,PSG
Suarez,30,Barca
MBappé,32,PSG
Suarez,30,Barca
MBappé,32,PSG
Suarez,30,Barca
MBappé,32,PSG
Suarez,30,Barca
MBappé,32,PSG
Suarez,30,Barca
MBappé,32,PSG
Suarez,30,Barca
MBappé,32,PSG
Suarez,30,Barca
MBappé,32,PSG
Suarez,30,Barca
MBappé,32,PSG
Suarez,30,Barca
MBappé,32,PSG
Suarez,30,Barca
MBappé,32,PSG
Suarez,30,Barca
MBappé,32,PSG
Suarez,30,Barca
MBappé,32,PSG
Suarez,30,Barca
MBappé,32,PSG
